url,username,DateKey,TimeKey,Text,deleted
https://trumpstruth.org/statuses/37674,realDonaldTrump,20260409,163400,,0
https://trumpstruth.org/statuses/37673,realDonaldTrump,20260409,144000,"None of these people, including our own, very disappointing, NATO, understood anything unless they have pressure placed upon them!!!",0
https://trumpstruth.org/statuses/37672,realDonaldTrump,20260409,054600,"All U.S. Ships, Aircraft, and Military Personnel, with additional Ammunition, Weaponry, and anything else that is appropriate and necessary for the lethal prosecution and destruction of an already substantially degraded Enemy, will remain in place in, and around, Iran, until such time as the REAL AGREEMENT reached is fully complied with. If for any reason it is not, which is highly unlikely, then the “Shootin’ Starts,” bigger, and better, and stronger than anyone has ever seen before. It was agreed, a long time ago, and despite all of the fake rhetoric to the contrary - NO NUCLEAR WEAPONS and, the Strait of Hormuz WILL BE OPEN & SAFE. In the meantime our great Military is Loading Up and Resting, looking forward, actually, to its next Conquest. AMERICA IS BACK!",0
https://trumpstruth.org/statuses/37671,realDonaldTrump,20260409,045600,The Failing New York Times and Fake News CNN each reported a totally FAKE TEN POINT PLAN on the Iran negotiations which was meant to discredit the people involved in the peace process. All ten points were a made up HOAX - EVIL LOSERS!!! MAKE AMERICA GREAT AGAIN,0
https://trumpstruth.org/statuses/37670,realDonaldTrump,20260409,013100,"NATO WASN’T THERE WHEN WE NEEDED THEM, AND THEY WON’T BE THERE IF WE NEED THEM AGAIN. REMEMBER GREENLAND, THAT BIG, POORLY RUN, PIECE OF ICE!!! President DJT",0
https://trumpstruth.org/statuses/37669,realDonaldTrump,20260408,182000,"Marjorie “Traitor” Brown’s (GREEN TURNS TO BROWN UNDER STRESS!) seat in Congress has been taken over by a wonderful and talented man, Clay Fuller, who won convincingly, and right from the beginning, despite many people running for that “TRUMP” +37 seat, and despite the stench left by Greene. Congratulations to Clay Fuller, a very large improvement over his deranged predecessor! President DONALD J. TRUMP",0
https://trumpstruth.org/statuses/37668,realDonaldTrump,20260408,180400,"Numerous Agreements, Lists, and Letters are being sent out by people that have absolutely nothing to do with the U.S.A. / Iran Negotiation, in many cases, they are total Fraudsters, Charlatans, and WORSE. They will be rapidly exposed after our Federal Investigation is completed. There is only one group of meaningful “POINTS” that are acceptable to the United States, and we will be discussing them behind closed doors during these Negotiations. These are the POINTS that are the basis on which we agreed to a CEASEFIRE. It is something that is reasonable, and can easily be dispensed with. It’s very much like Fake News CNN last night, headlining a “source” that had no power or authority to write a Letter claiming great authority. President DONALD J. TRUMP",0
https://trumpstruth.org/statuses/37667,realDonaldTrump,20260408,165100,Secretary Hegseth and Chairman Caine hold a press briefing on Operation Epic Fury: https://m.youtube.com/live/tG7-hLW0okE?si=42CeLOL2esIAvfQC,0
https://trumpstruth.org/statuses/37666,realDonaldTrump,20260408,133000,"A Country supplying Military Weapons to Iran will be immediately tariffed, on any and all goods sold to the United States of America, 50%, effective immediately. There will be no exclusions or exemptions! President DJT",0
https://trumpstruth.org/statuses/37665,realDonaldTrump,20260408,132200,"The United States will work closely with Iran, which we have determined has gone through what will be a very productive Regime Change! There will be no enrichment of Uranium, and the United States will, working with Iran, dig up and remove all of the deeply buried (B-2 Bombers) Nuclear “Dust.” It is now, and has been, under very exacting Satellite Surveillance (Space Force!). Nothing has been touched from the date of attack. We are, and will be, talking Tariff and Sanctions relief with Iran. Many of the 15 points have already been been agreed to. Thank you for your attention to this matter. President DONALD J. TRUMP",0
https://trumpstruth.org/statuses/37664,realDonaldTrump,20260408,130000,,0
https://trumpstruth.org/statuses/37663,realDonaldTrump,20260408,060100,"A big day for World Peace! Iran wants it to happen, they’ve had enough! Likewise, so has everyone else! The United States of America will be helping with the traffic buildup in the Strait of Hormuz. There will be lots of positive action! Big money will be made. Iran can start the reconstruction process. We’ll be loading up with supplies of all kinds, and just “hangin’ around” in order to make sure that everything goes well. I feel confident that it will. Just like we are experiencing in the U.S., this could be the Golden Age of the Middle East!!! President DONALD J. TRUMP",0
https://trumpstruth.org/statuses/37662,realDonaldTrump,20260408,054100,https://truthsocial.com/@epaleezeldin/116293314492137728,0
https://trumpstruth.org/statuses/37661,realDonaldTrump,20260408,053900,"No one can believe that Fake News CNN put out a knowingly false and dangerous statement pretending it came from the upper levels of the Iranian Government. It didn’t! It was totally made up and posted, as a headline, for purpose of, perhaps, inflaming a very delicate situation. It was a new, trouble making site from Nigeria, and CNN just got caught cheating - A very dangerous thing  to do!",0
https://trumpstruth.org/statuses/37660,realDonaldTrump,20260408,020100,"The alleged Statement put out by CNN World News is a FRAUD, as CNN well knows. The false Statement was linked to a Fake News site (from Nigeria) and, of course, immediately picked up by CNN, and blared out as a “legitimate” headline. The Official Statement by Iran was just released, and posted on TRUTH, below. Authorities are looking to determine whether or not a crime was committed on the issuance of the Fake CNN World Statement, or was it a sick rogue player? CNN is being ordered to immediately withdraw this Statement with full apologies for their, as usual, terrible “reporting.” Results of the investigation will be announced in the near future. President DONALD J. TRUMP",0
https://trumpstruth.org/statuses/37659,realDonaldTrump,20260408,014200,OFFICIAL STATEMENT OF IRAN:,0
https://trumpstruth.org/statuses/37658,realDonaldTrump,20260408,003200,"Based on conversations with Prime Minister Shehbaz Sharif and Field Marshal Asim Munir, of Pakistan, and wherein they requested that I hold off the destructive force being sent tonight to Iran, and subject to the Islamic Republic of Iran agreeing to the COMPLETE, IMMEDIATE, and SAFE OPENING of the Strait of Hormuz, I agree to suspend the bombing and attack of Iran for a period of two weeks. This will be a double sided CEASEFIRE! The reason for doing so is that we have already met and exceeded all Military objectives, and are very far along with a definitive Agreement concerning Longterm PEACE with Iran, and PEACE in the Middle East. We received a 10 point proposal from Iran, and believe it is a workable basis on which to negotiate. Almost all of the various points of past contention have been agreed to between the United States and Iran, but a two week period will allow the Agreement to be finalized and consummated. On behalf of the United States of America, as President, and also representing the Countries of the Middle East, it is an Honor to have this Longterm problem close to resolution. Thank you for your attention to this matter! President DONALD J. TRUMP",0
https://trumpstruth.org/statuses/37657,realDonaldTrump,20260407,222700,"It is my Great Honor to endorse Dr. Brian Schmutzler, a MAGA Warrior and REAL Republican running for Indiana's 11th State Senate District, against RINO incumbent Linda Rogers! A Proven Leader, Brian serves his Community as a Highly Respected Anesthesiologist and Medical Director. In the State Senate, he will fight tirelessly to Protect ""Hoosier"" Values, Grow our Economy, Cut Taxes and Regulations, Promote MADE IN THE U.S.A., Champion American Energy DOMINANCE, Stop Migrant Crime, Strengthen our Military/Veterans, Advance Election Integrity, Promote School Choice, and Defend our always under siege Second Amendment. Dr. Brian Schmutzler has my Complete and Total Endorsement to be the next State Senator from Indiana's 11th Senate District. Unlike incumbent Linda Rogers, a “RINO” LOSER who has failed the wonderful people of Indiana so badly, DR. BRIAN SCHMUTZLER IS A WINNER WHO WILL NEVER LET YOU DOWN!",0
https://trumpstruth.org/statuses/37644,realDonaldTrump,20260407,222300,"State Senator Jim Tomes is an America First Patriot who is doing an incredible job representing Indiana’s 49th State Senate District! A Brave U.S. Army Vietnam Veteran, and Chairman of the Indiana Senate Committee on Veterans Affairs and the Military, Jim knows the Wisdom and Courage required to Defend our Country, Support our Military/Veterans, and Ensure PEACE THROUGH STRENGTH. In the State Senate, he is fighting tirelessly to Protect “Hoosier” Values, Stop Migrant Crime, Grow our Economy, Cut Taxes and Regulations, Unleash American Energy DOMINANCE, Promote MADE IN THE U.S.A., Safeguard our Elections, and Defend our always under siege Second Amendment. Jim Tomes has my Complete and Total Endorsement for Re-Election — HE WILL NEVER LET YOU DOWN!",0
https://trumpstruth.org/statuses/37645,realDonaldTrump,20260407,222300,"State Senator Daryl Schmidt is doing a tremendous job representing the Great People of Indiana’s 48th State Senate District! A Fifth Generation Family Farmer, Daryl is a strong and effective Voice for Indiana Agriculture, and our amazing Farmers and Ranchers. In the State Senate, he is fighting tirelessly to Protect “Hoosier” Values, Grow our Economy, Cut Taxes and Regulations, Promote MADE IN THE U.S.A. and American Energy DOMINANCE, Safeguard our Elections, Stop Migrant Crime, Strengthen our Military/Veterans, and Defend our always under siege Second Amendment. Daryl Schmidt has my Complete and Total Endorsement for Re-Election — HE WILL NEVER LET YOU DOWN!",0
https://trumpstruth.org/statuses/37646,realDonaldTrump,20260407,222300,"State Senator Gary Byrne is doing a fantastic job representing the incredible people of Indiana’s 47th Congressional District! A Highly Respected Businessman, North Harrison School Board Member, and Councilman for Harrison County, prior to becoming a distinguished State Senator, Gary has dedicated his life to serving his Community. In the State Senate, he is working hard to Protect “Hoosier” Values, Grow our Economy, Cut Taxes and Regulations, Champion American Energy DOMINANCE, Promote MADE IN THE U.S.A., Stop Migrant Crime, Strengthen our Military/Veterans, Ensure LAW AND ORDER, Advance Election Integrity, and Protect our always under siege Second Amendment. Gary Byrne has my Complete and Total Endorsement for Re-Election — HE WILL NEVER LET YOU DOWN!",0
https://trumpstruth.org/statuses/37647,realDonaldTrump,20260407,222300,"State Senator Chris Garten is a true MAGA Warrior and America First Patriot for the Great People of Indiana’s 45th State Senate District! As the Majority Floor Leader of the Indiana State Senate, and Brave U.S. Marine Corps Veteran, Chris is a Proven Leader who is doing a fantastic job advancing our AMERICA FIRST Agenda. He is working tirelessly to Protect “Hoosier” Values, Grow the Economy, Cut Taxes and Regulations, Promote MADE IN THE U.S.A., Unleash American Energy DOMINANCE, Stop Migrant Crime, Strengthen our Brave Military/Veterans, Ensure LAW AND ORDER, Safeguard our Elections, and Defend our always under siege Second Amendment. Chris Garten has my Complete and Total Endorsement for Re-Election — HE WILL NEVER LET YOU DOWN!",0
https://trumpstruth.org/statuses/37648,realDonaldTrump,20260407,222300,"State Senator Randy Maxwell is a Tremendous Champion for the incredible people of Indiana’s 43rd State Senate District! As a very successful Businessman, Randy knows the America First Policies required to Grow our Economy, Create GREAT Jobs, Cut Taxes and Regulations, Promote MADE IN THE U.S.A., and Unleash American Energy DOMINANCE. In the State Senate, he is also fighting tirelessly to Protect “Hoosier” Values, Stop Migrant Crime, Ensure LAW AND ORDER, Strengthen our Military/Veterans, Advance Election Integrity, and Defend our always under siege Second Amendment. Randy Maxwell has my Complete and Total Endorsement for Re-Election — HE WILL NEVER LET YOU DOWN!",0
https://trumpstruth.org/statuses/37649,realDonaldTrump,20260407,222300,"State Senator Jeff Raatz is an America First Patriot doing a fantastic job representing Indiana’s 27th State Senate District! A Brave U.S. Army Veteran, Jeff knows the Wisdom and Courage that is required to Defend our Country, Support our Military/Veterans, and Ensure PEACE THROUGH STRENGTH. In the State Senate, Jeff is working hard to Protect “Hoosier” Values, Stop Migrant Crime, Grow our Economy, Cut Taxes, Promote MADE IN THE U.S.A., Champion Small Businesses and American Ingenuity, Ensure U.S. Energy DOMINANCE, Safeguard our Elections, and Defend our always under siege Second Amendment. Jeff Raatz has my Complete and Total Endorsement for Re-Election — HE WILL NEVER LET YOU DOWN!",0
https://trumpstruth.org/statuses/37650,realDonaldTrump,20260407,222200,"State Senator Scott Alexander is doing a terrific job representing the wonderful people of Indiana’s 26th State Senate District! A Successful Entrepreneur and Civic Leader, before his service in the State Senate, Scott is a Proven Leader who has dedicated his life to serving his Community. In the State Senate, he is working hard to Protect “Hoosier” Values, Grow the Economy, Cut Taxes and Regulations, Promote MADE IN THE U.S.A., Champion American Energy DOMINANCE, Stop Migrant Crime, Ensure LAW AND ORDER, Strengthen our Military/Veterans, Advance Election Integrity, and Defend our always under siege Second Amendment. Scott Alexander has my Complete and Total Endorsement for Re-Election — HE WILL NEVER LET YOU DOWN!",0
https://trumpstruth.org/statuses/37651,realDonaldTrump,20260407,222200,"State Senator Mike Gaskill is a MAGA Warrior who is doing a tremendous job representing Indiana’s 25th State Senate District! A Highly Successful Businessman, Mike knows the AMERICA FIRST Policies necessary to Create GREAT Jobs, Promote MADE IN THE U.S.A., Unleash Innovation, and Advance American Energy DOMINANCE. In the State Senate, he is fighting tirelessly to Protect “Hoosier” Values, Grow our Economy, Cut Taxes and Regulations, Stop Migrant Crime, Support our Brave Military/Veterans, Safeguard our Elections, and Defend our always under siege Second Amendment. Mike Gaskill has my Complete and Total Endorsement for Re-Election — HE WILL NEVER LET YOU DOWN!",0
https://trumpstruth.org/statuses/37652,realDonaldTrump,20260407,222200,"State Senator Ron Alting is a Strong Champion and Highly Effective Representative for the Great People of  Indiana’s 22nd State Senate District! A respected Businessman, Lafayette City Council Member, and Indiana Guard Reserve Major, prior to becoming a distinguished State Senator, Ron has dedicated his life to serving his Community. In the State Senate, he is working hard to Protect ""Hoosier"" Values, Grow our Economy, Cut Taxes and Regulations, Champion American Energy DOMINANCE, Promote MADE IN THE U.S.A., Stop Migrant Crime, Strengthen our Military/Veterans, Ensure LAW AND ORDER, Advance Election Integrity, and Defend our always under siege Second Amendment. Ron Alting has my Complete and Total Endorsement for Re-Election — HE WILL NEVER LET YOU DOWN!",0
https://trumpstruth.org/statuses/37653,realDonaldTrump,20260407,222200,"State Senator Liz Brown is a MAGA Warrior who is doing an incredible job representing Indiana’s 15th State Senate District! A successful Attorney, and Fort Wayne City Council Member, prior to becoming a Highly Respected State Senator, Liz has dedicated her life to serving her Community. In the State Senate, she is working tirelessly to Protect ""Hoosier"" Values, Grow our Economy, Cut Taxes and Regulations, Champion American Energy DOMINANCE, Promote MADE IN THE U.S.A., Stop Migrant Crime, Strengthen our Military/Veterans, Safeguard our Elections, and Defend our always under siege Second Amendment. Liz Brown has my Complete and Total Endorsement for Re-Election — SHE WILL NEVER LET YOU DOWN!",0
https://trumpstruth.org/statuses/37654,realDonaldTrump,20260407,222200,"State Senator Tyler Johnson is an America First Patriot who is doing a fantastic job representing Indiana’s 14th State Senate District! A Proven Leader, Tyler serves his Community as a Highly Respected Emergency Room Physician, in addition to being a highly effective State Senator. In the State Senate, he is working tirelessly to Protect ""Hoosier"" Values, Grow our Economy, Cut Taxes and Regulations, Promote MADE IN THE U.S.A., Champion American Energy DOMINANCE, Stop Migrant Crime, Strengthen our Military/Veterans, Advance Election Integrity, Promote School Choice, and Defend our always under siege Second Amendment. Dr. Tyler Johnson has my Complete and Total Endorsement for Re-Election — HE WILL NEVER LET YOU DOWN!",0
https://trumpstruth.org/statuses/37655,realDonaldTrump,20260407,222000,"It is my Great Honor to endorse State Representative Michelle Davis, a REAL Republican running for Indiana's 41st State Senate District (which I won by 33 points!), against RINO incumbent Greg Walker! Michelle will be a fantastic replacement for Walker who, for whatever reason, voted against Redistricting in Indiana, which puts the United States Congress in jeopardy. Walker and his RINO friends made Indiana, a State I love and have been very good to, the only State in the Country that essentially said they don’t care about what happens in the United States Congress. We could have easily picked up two seats in Indiana, so Walker, an America Last politician, put our Majority in the House of Representatives at risk, thereby putting our Country in a very dangerous position in losing some of the magnificent gains that we have made over the last year, since I assumed the Office of President. State Representative Michelle Davis, on the other hand, strongly voted WITH Republicans to pass Redistricting in the State House, unlike “RINO” Greg Walker, who voted with the Democrats in the State Senate to stop it. As your next State Senator, Michelle will fight tirelessly to Protect ""Hoosier"" Values, Advocate for the Working Men and Women of Indiana, Grow our Economy, Cut Taxes and Regulations, Promote American Manufacturing, Advance MADE IN THE U.S.A., Unleash American Energy DOMINANCE, Keep our Border SECURE, Support our Military, Veterans, and Law Enforcement, Advance Election Integrity, and Defend our always under siege Second Amendment.  Michelle Davis has my Complete and Total Endorsement to be the next State Senator from Indiana's 41st Senate District. Unlike incumbent Greg Walker, a “RINO” LOSER who has failed the fantastic people of Indiana so badly, MICHELLE DAVIS IS A WINNER WHO WILL NOT LET YOU DOWN!",0
https://trumpstruth.org/statuses/37656,realDonaldTrump,20260407,222000,"It is my Great Honor to endorse America First Patriot, Jeff Ellington, a terrific Candidate for Indiana's 39th State Senate District (which I won by a whopping 55 points!). Jeff will be a fantastic replacement for RINO Eric Bassler, who may not even run again because Republicans are so angry with him over his betrayal he committed when he, for whatever reason, voted against Redistricting in Indiana, which essentially made him a partner to the Radical Left Democrats in their quest to take control of the United States House of Representatives, and reverse the great progress we have made in the last year. Bassler and his RINO friends made Indiana, a State I love that is full of Patriots who love America, the only State in the Nation that would rather turn over our Country to Democrats than fight back against their corruption, and finish the job we started over 10 years ago. We could have easily picked up two seats in Indiana, but Bassler, an America Last politician, was played for a fool by the Democrats who want to destroy our Country. Now, because Bassler looks to be getting “run out of town” by his Voters, Indiana’s Chief RINO Rod Bray has recruited a new “pawn” in his game named Kristi Risk to run for this seat.  She, like Bassler and Bray, was nowhere to be found for Republicans during Redistricting, which means she will never be there for you when the going gets tough. She said there were “more important things” than keeping the House Majority, and protecting the progress we have made over the last year to, MAKE AMERICA GREAT AGAIN. No smart, reliable Republican would ever say such a thing because they would never even think it. For that reason, and more, she cannot be trusted any more than the Failed and Weak “Senator” Bassler. Jeff Ellington, on the other hand, is a Successful Businessman, Retired Firefighter, Horse Farmer, Greene County GOP Chairman, and former State Representative, who has dedicated his life to serving his Community. As your next State Senator, Jeff will work tirelessly to Protect ""Hoosier"" Values, Champion our Amazing Farmers and Ranchers, Grow our Economy, Cut Taxes and Regulations, Promote MADE IN THE U.S.A., Advance American Energy DOMINANCE, Support our Brave Military, Veterans, and Law Enforcement, Safeguard our Elections, and Protect our always under siege Second Amendment.  Jeff Ellington has my Complete and Total Endorsement to be the next State Senator from Indiana's 39th Senate District. Unlike Eric Bassler or Kristi Risk, JEFF ELLINGTON WILL NEVER LET YOU DOWN!",0
https://trumpstruth.org/statuses/37640,realDonaldTrump,20260407,221900,"Vigo County Commissioner Brenda Wilson, a Proven America First Patriot, is running against “No Goode” Greg Goode (BAD FOR THE U.S.A.!) in the Republican Primary for Indiana’s 38th Senate District, which I won by 28 points! “No Goode” is an incompetent and ineffective RINO incumbent who, for whatever reason, voted against Redistricting in Indiana, which has made him a hero to Hakeem Jeffries, Ilhan Omar, and every other Radical Left Member of the U.S. House of Representatives. “No Goode” and his RINO friends made Indiana, a State I have tremendous love for, the only State in the Country that essentially said they don’t care about what happens to the United States Congress, and therefore to America’s future. We could have easily picked up two seats in Indiana, but No Goode, an America Last politician, threw in with the Democrats, thereby putting our Country in a very dangerous position, and risking the reversal of so much of the incredible progress we have made over the last year for our Country and our people. Brenda Wilson, on the other hand, is a Successful Family Farmer, and Highly Respected Vigo County Commissioner, who will be a strong and effective Voice for our amazing Farmers and Indiana Agriculture. As your next State Senator, Brenda will fight tirelessly to Protect ""Hoosier"" Values, Champion Small Businesses, Promote MADE IN THE U.S.A., Grow our Economy, Cut Taxes and Regulations, Advance American Energy DOMINANCE, Keep our Border SECURE, Support our incredible Military, Veterans, and Law Enforcement, Advance Election Integrity, and Protect our always under siege Second Amendment. Brenda Wilson has my Complete and Total Endorsement, and, unlike “No Goode” — BRENDA WILL NOT LET YOU DOWN!",0
https://trumpstruth.org/statuses/37641,realDonaldTrump,20260407,221900,"It is my Great Honor to endorse MAGA Warrior and Fountain County GOP Chair, Paula Copenhaver, a terrific Candidate for Indiana's 23rd State Senate District (which I won by 26 points!). Paula is running against an incompetent and ineffective RINO incumbent named Spencer Deery who, for whatever reason, betrayed his voters by voting against Redistricting in Indiana. Deery and his RINO friends made Indiana, a State I love and have been very good to, the only State in the Country that essentially said they don’t care if Democrats and Radical Liberal Judges keep conspiring to steal seats in the United States Congress from Republicans. We could have easily picked up two seats in Indiana, but Deery, an America Last politician, would rather side with Far Left Democrats who will do anything and everything in their power to reverse the incredible progress we have made for the American people over the last year since I reassumed the Office of President. While “RINO” Spencer Deery prefers Democrats, Paula Copenhaver has helped REAL Republicans get elected across her Community, As your next State Senator, Paula will work hard to Protect ""Hoosier"" Values, Advocate for the Working Men and Women of Indiana, Grow the Economy, Cut Taxes and Regulations, Promote American Manufacturing, Advance MADE IN THE U.S.A., Unleash American Energy DOMINANCE, Keep our Border SECURE, Ensure LAW AND ORDER, Support our Brave Military, Veterans, and Law Enforcement, Safeguard our Elections, and Protect our always under siege Second Amendment.  Paula Copenhaver has my Complete and Total Endorsement to be the next State Senator from Indiana's 23rd Senate District. Unlike incumbent Spencer Deery, a “RINO” who has become a favorite politician of the Far Left, PAULA COPENHAVER IS A WINNER WHO WILL NEVER LET YOU DOWN!",0
https://trumpstruth.org/statuses/37642,realDonaldTrump,20260407,221900,"It is my Great Honor to endorse America First Patriot Tracey Powell, a fantastic Candidate for Indiana's 21st State Senate District (which I won by 24 points!). Tracey is running against a pathetic RINO incumbent named Jim Buck, who, for whatever reason, voted against Redistricting in Indiana, which puts the United States Congress in jeopardy. Buck and his RINO friends made Indiana, a State I love and have been very good to, the only State in the Country that essentially said they don’t care if Democrats steal Republican House seats to take over the United States Congress. We could have easily picked up two seats in Indiana, helping Democrat seat theft in Blue States, but instead, Buck, an America Last politician, would rather give away our Majority in the House of Representatives, thereby putting our Country in a very dangerous position that could cost us some of the magnificent gains that we have made over the last year, since I assumed the Office of President. Tracey Powell, on the other hand, is a successful Businessman, Chiropractor, Farmer, and Highly Respected Tipton County Commissioner, who has dedicated his life to serving his Community. As your next State Senator, Tracey will fight tirelessly to Protect ""Hoosier"" Values, Grow the Economy, Cut Taxes and Regulations, Promote MADE IN THE U.S.A., Champion our Amazing Farmers and Agriculture, Unleash American Energy DOMINANCE, Keep our Border SECURE, Ensure LAW AND ORDER, Support our Military, Veterans, and Law Enforcement, Advance Election Integrity, Defend our always under siege Second Amendment.  Tracey Powell has my Complete and Total Endorsement to be the next State Senator from Indiana's 21st Senate District. Unlike incumbent Jim Buck, a “RINO” who failed the wonderful people of Indiana so badly, TRACEY POWELL IS A WINNER WHO WILL NOT LET YOU DOWN!",0
https://trumpstruth.org/statuses/37643,realDonaldTrump,20260407,221800,"Bluffton City Councilman Blake Fiechter, a True America First Patriot, is running against “RINO” State Senator Travis Holdman, in Indiana’s 19th Senate District who, for whatever reason, voted against Redistricting in Indiana, in a District that I won by 39 points, which puts the United States Congress in jeopardy. Holdman and his RINO friends made Indiana, a State I love and have been very good to, the only State in the Country that essentially said they don’t care about what happens in the United States Congress. We could have easily picked up two seats in Indiana, so Holdman, an America Last politician, put our Majority in the House of Representatives at risk, thereby putting our Country in a very dangerous position in losing some of the magnificent gains that we have made over the last year, since I assumed the Office of President. On the other hand, Blake Fiechter, a very successful Real Estate Broker, Proud Husband, Loving Father to three girls, and a Highly Respected Councilman in the wonderful City of Bluffton, has dedicated his life to serving the Community which he loves so much. As your next State Senator, Blake will fight tirelessly to Protect ""Hoosier"" Values, Promote our Amazing Farmers and Ranchers, Grow our Economy, Cut Taxes and Regulations, Advance MADE IN THE U.S.A., Promote American Energy DOMINANCE, Keep our Border SECURE, Support our Brave Military, Veterans, and Law Enforcement, Ensure LAW AND ORDER, Safeguard our Elections, and Protect our always under siege Second Amendment.  Blake Fiechter has my Complete and Total Endorsement against RINO Travis Holdman — BLAKE WILL NEVER LET YOU DOWN!",0
https://trumpstruth.org/statuses/37629,realDonaldTrump,20260407,221400,"It is my Great Honor to endorse Trevor De Vries, an America First Patriot and REAL Republican running for Indiana's 1st State Senate District, against RINO incumbent Dan Dernulc! A Successful Businessman, Trevor knows the America First Policies required to Grow our Economy, Create GREAT Jobs, Cut Taxes and Regulations, Promote MADE IN THE U.S.A., and Unleash American Energy DOMINANCE. In the State Senate, he will fight tirelessly to Protect “Hoosier” Values, Stop Migrant Crime, Ensure LAW AND ORDER, Strengthen our Military/Veterans, Advance Election Integrity, and Defend our always under siege Second Amendment. Trevor De Vries has my Complete and Total Endorsement to be the next State Senator from Indiana's 1st Senate District. Unlike incumbent Dan Dernulc, a “RINO” LOSER who has failed the fantastic people of Indiana so badly, TREVOR DE VRIES IS A WINNER WHO WILL NOT LET YOU DOWN!",0
https://trumpstruth.org/statuses/37630,realDonaldTrump,20260407,221400,"State Representative Martin Carbaugh is a Tremendous Advocate for the Fantastic People of Indiana’s 81st State House District! A very successful Financial Advisor, Martin is a Proven Leader who is doing a fantastic job advancing our AMERICA FIRST Agenda. He is working tirelessly to Protect “Hoosier” Values, Grow the Economy, Cut Taxes and Regulations, Promote MADE IN THE U.S.A., Unleash American Energy DOMINANCE, Stop Migrant Crime, Strengthen our Brave Military/Veterans, Ensure LAW AND ORDER, Safeguard our Elections, and Defend our always under siege Second Amendment. Martin Carbaugh has my Complete and Total Endorsement for Re-Election — HE WILL NEVER LET YOU DOWN!",0
https://trumpstruth.org/statuses/37631,realDonaldTrump,20260407,221400,"State Representative Ben Smaltz is a Highly Effective Champion for the Wonderful People of Indiana’s 52nd State House District! A Respected Businessman and DeKalb County Council Member, prior to becoming a distinguished State Representative, Ben has dedicated his life to serving his Community. In the State House, he is fighting tirelessly to Protect ""Hoosier"" Values, Grow our Economy, Cut Taxes and Regulations, Champion American Energy DOMINANCE, Promote MADE IN THE U.S.A., Stop Migrant Crime, Strengthen our Military/Veterans, Ensure LAW AND ORDER, Safeguard our Elections, and Defend our always under siege Second Amendment. Ben Smaltz has my Complete and Total Endorsement for Re-Election — HE WILL NEVER LET YOU DOWN!",0
https://trumpstruth.org/statuses/37632,realDonaldTrump,20260407,221400,"State Representative Tony Isa is an America First Patriot who is doing a fantastic job representing Indiana’s 51st State House District! A Successful Entrepreneur and Owner of “Scoops Ice Cream” in Angola, in addition to being a highly effective State Representative, Tony has dedicated his life to serving his Community. In the State House, he is working tirelessly to Protect ""Hoosier"" Values, Grow our Economy, Cut Taxes and Regulations, Promote MADE IN THE U.S.A., Champion American Energy DOMINANCE, Stop Migrant Crime, Strengthen our Military/Veterans, Advance Election Integrity, Promote School Choice, and Defend our always under siege Second Amendment. Tony Isa has my Complete and Total Endorsement for Re-Election — HE WILL NEVER LET YOU DOWN!",0
https://trumpstruth.org/statuses/37633,realDonaldTrump,20260407,221400,"State Representative Bob Heaton is doing a terrific job representing the wonderful people of Indiana’s 46th State House District! A Successful Businessman and College Basketball Player, before his service in the State House, Bob is a Proven Leader who has dedicated his life to serving his Community. In the State House, he is working hard to Protect “Hoosier” Values, Grow the Economy, Cut Taxes and Regulations, Promote MADE IN THE U.S.A., Champion American Energy DOMINANCE, Stop Migrant Crime, Ensure LAW AND ORDER, Strengthen our Military/Veterans, Advance Election Integrity, and Defend our always under siege Second Amendment. Bob Heaton has my Complete and Total Endorsement for Re-Election — HE WILL NEVER LET YOU DOWN!",0
https://trumpstruth.org/statuses/37634,realDonaldTrump,20260407,221300,"State Representative Bruce Borders is a MAGA Warrior who is doing an incredible job representing Indiana’s 45th State House District! A successful Businessman, and former Mayor of Jasonville, prior to becoming a Highly Respected State Representative, Bruce has dedicated his life to serving his Community. In the State House, he is working tirelessly to Protect ""Hoosier"" Values, Grow our Economy, Cut Taxes and Regulations, Champion American Energy DOMINANCE, Promote MADE IN THE U.S.A., Stop Migrant Crime, Strengthen our Military/Veterans, Safeguard our Elections, and Defend our always under siege Second Amendment. Bruce Borders has my Complete and Total Endorsement for Re-Election — HE WILL NEVER LET YOU DOWN!",0
https://trumpstruth.org/statuses/37635,realDonaldTrump,20260407,221300,"State Representative Beau Baird is a Strong Champion for the Great People of Indiana’s 44th State House District! A Highly Respected Businessman and Rancher, prior to becoming a distinguished State Representative, Beau has dedicated his life to serving his Community. In the State House, he is working hard to Protect ""Hoosier"" Values, Grow our Economy, Cut Taxes and Regulations, Champion our Amazing Farmers and Ranchers, Promote MADE IN THE U.S.A., Stop Migrant Crime, Strengthen our Military/Veterans, Ensure LAW AND ORDER, Advance Election Integrity, and Defend our always under siege Second Amendment. Beau Baird has my Complete and Total Endorsement for Re-Election — HE WILL NEVER LET YOU DOWN!",0
https://trumpstruth.org/statuses/37636,realDonaldTrump,20260407,221300,"State Representative Heath VanNatter is doing a fantastic job representing the incredible people of Indiana’s 38th State House District! A Highly Respected Small Business Owner and Homebuilder, prior to becoming a distinguished State Representative, Heath has dedicated his life to serving his Community. In the State House, he is working hard to Protect “Hoosier” Values, Grow our Economy, Cut Taxes and Regulations, Champion American Energy DOMINANCE, Promote MADE IN THE U.S.A., Stop Migrant Crime, Strengthen our Military/Veterans, Ensure LAW AND ORDER, Advance Election Integrity, and Protect our always under siege Second Amendment. Heath VanNatter has my Complete and Total Endorsement for Re-Election — HE WILL NEVER LET YOU DOWN!",0
https://trumpstruth.org/statuses/37637,realDonaldTrump,20260407,221300,"State Representative Jeff Thompson is doing a tremendous job representing the Great People of Indiana’s 28th State House District! A former Educator and Farmer, Jeff is a strong and effective Voice for Indiana Agriculture, and our amazing Farmers and Ranchers. In the State House, he is fighting tirelessly to Protect “Hoosier” Values, Grow our Economy, Cut Taxes and Regulations, Promote MADE IN THE U.S.A. and American Energy DOMINANCE, Safeguard our Elections, Stop Migrant Crime, Strengthen our Military/Veterans, and Defend our always under siege Second Amendment. Jeff Thompson has my Complete and Total Endorsement for Re-Election — HE WILL NEVER LET YOU DOWN!",0
https://trumpstruth.org/statuses/37638,realDonaldTrump,20260407,221300,"State Representative Craig Snow is a MAGA Warrior who is doing a tremendous job representing Indiana’s 22nd State House District! A successful Businessman, Craig knows the AMERICA FIRST Policies necessary to Create GREAT Jobs, Promote MADE IN THE U.S.A., Unleash Innovation, and Advance American Energy DOMINANCE. In the State House, he is fighting tirelessly to Protect “Hoosier” Values, Grow our Economy, Cut Taxes and Regulations, Stop Migrant Crime, Support our Brave Military/Veterans, Safeguard our Elections, and Defend our always under siege Second Amendment. Craig Snow has my Complete and Total Endorsement for Re-Election — HE WILL NEVER LET YOU DOWN!",0
https://trumpstruth.org/statuses/37639,realDonaldTrump,20260407,221300,"State Representative Jim Pressel is a Tremendous Champion for the incredible people of Indiana’s 20th State House District! A successful Businessman, Jim knows the America First Policies required to Grow our Economy, Create GREAT Jobs, Cut Taxes and Regulations, Promote MADE IN THE U.S.A., and Unleash American Energy DOMINANCE. In the State House, he is also fighting tirelessly to Protect “Hoosier” Values, Stop Migrant Crime, Ensure LAW AND ORDER, Strengthen our Military/Veterans, Advance Election Integrity, and Defend our always under siege Second Amendment. Jim Pressel has my Complete and Total Endorsement for Re-Election — HE WILL NEVER LET YOU DOWN!",0
https://trumpstruth.org/statuses/37628,realDonaldTrump,20260407,211700,"To the Great Patriots in Georgia’s 14th Congressional District: GET OUT AND VOTE TODAY for a fantastic Candidate, Clay Fuller, who has my Complete and Total Endorsement! Polls are open from 7:00 A.M to 7:00 P.M. IF YOU ARE IN LINE BY 7 P.M., STAY IN LINE, AND THEY MUST LET YOU VOTE. GET OUT AND VOTE FOR CLAY FULLER — HE WILL NEVER LET YOU DOWN! Find your Voting Location at: https://swampthevoteusa.com/georgia/",0
https://trumpstruth.org/statuses/37627,realDonaldTrump,20260407,151200,RT @realDonaldTrumpTwo more major pharmaceutical companies to launch products through TrumpRx: https://justthenews.com/politics-policy/health/two-more-major-pharmaceutical-companies-launch-products-through-trumprx,0
https://trumpstruth.org/statuses/37626,realDonaldTrump,20260407,140600,"A whole civilization will die tonight, never to be brought back again. I don’t want that to happen, but it probably will. However, now that we have Complete and Total Regime Change, where different, smarter, and less radicalized minds prevail, maybe something revolutionarily wonderful can happen, WHO KNOWS? We will find out tonight, one of the most important moments in the long and complex history of the World. 47 years of extortion, corruption, and death, will finally end. God Bless the Great People of Iran!",0
https://trumpstruth.org/statuses/37627,realDonaldTrump,20260407,135800,Two more major pharmaceutical companies to launch products through TrumpRx: https://justthenews.com/politics-policy/health/two-more-major-pharmaceutical-companies-launch-products-through-trumprx,0
https://trumpstruth.org/statuses/37624,realDonaldTrump,20260407,054500,,0
https://trumpstruth.org/statuses/37623,realDonaldTrump,20260407,054200,,0
https://trumpstruth.org/statuses/37622,realDonaldTrump,20260407,035900,"I will be speaking tonight, LIVE, with the great (and brave!) astronauts on Artemis II, LIVE, at 10:00 P.M. Enjoy!!! President DJT",0
https://trumpstruth.org/statuses/37621,realDonaldTrump,20260407,035400,"Tell Shannon Bream of FoxNews that it’s not the Save Act, it’s the Save America Act, a big difference! Also, when she insists on having lightweight Democrat Congressmen, such as Jake Auchincloss, on her not very hard hitting show, she should correct them when they spew out Democrat propaganda and lies. She never does! I always close deals, unlike the Dems, and did great with China in every way, also, unlike the Dems! For Fox executives only, take Jessica Tarlov off the air. She is, from her voice, to her lies, and everything else about her, one of the worst “personalities” on television, a real loser! People cannot stand watching her. Thank you for your attention to this matter! President DJT",0
https://trumpstruth.org/statuses/37620,realDonaldTrump,20260407,031300,"There is a very important Special Election tomorrow, Tuesday, April 7th, in Georgia’s 14th Congressional District! I am asking all Republicans, America First Patriots, and MAGA Warriors, to please GET OUT AND VOTE for a fantastic Candidate, Clay Fuller, who has my Complete and Total Endorsement! GA-14: Polls are open from 7:00 A.M to 7:00 P.M. IF YOU ARE IN LINE BY 7 P.M., STAY IN LINE, AND THEY MUST LET YOU VOTE! Election Day is TOMORROW, April 7th. GET OUT AND VOTE, VOTE, VOTE FOR CLAY FULLER — HE WILL NEVER LET YOU DOWN! Find your Voting Location at: https://swampthevoteusa.com/georgia/",0
https://trumpstruth.org/statuses/37619,realDonaldTrump,20260407,021500,,0
https://trumpstruth.org/statuses/37618,realDonaldTrump,20260407,021400,,0
https://trumpstruth.org/statuses/37614,realDonaldTrump,20260406,215400,Done!https://nypost.com/2026/02/10/opinion/trumps-about-to-cancel-obamas-most-outrageous-power-grab/,0
https://trumpstruth.org/statuses/37615,realDonaldTrump,20260406,215300,"Fewer experts see climate change as global security threat, survey finds: https://www.semafor.com/article/02/12/2026/fewer-experts-see-climate-change-as-global-security-threat-survey-finds",0
https://trumpstruth.org/statuses/37616,realDonaldTrump,20260406,215300,Trump Allies Near ‘Total Victory’ in Wiping Out U.S. Climate Regulation: https://www.nytimes.com/2026/02/09/climate/endangerment-finding.html,0
https://trumpstruth.org/statuses/37617,realDonaldTrump,20260406,215200,GREGG JARRETT: Don Lemon left his press pass at the door when he joined church-storming mob: https://www.foxnews.com/opinion/gregg-jarrett-don-lemon-left-his-press-pass-door-when-he-joined-church-storming-mob,0
https://trumpstruth.org/statuses/37612,realDonaldTrump,20260406,210100,"New York City, 1929!",0
https://trumpstruth.org/statuses/37613,realDonaldTrump,20260406,210100,"Paris, 126 years ago!",0
https://trumpstruth.org/statuses/37610,realDonaldTrump,20260406,130800,RT: https://truthsocial.com/users/realDonaldTrump/statuses/116357442556060490Great going Freedom Caucus. Proud of you!!! President DJT,0
https://trumpstruth.org/statuses/37610,realDonaldTrump,20260406,130700,,0
https://trumpstruth.org/statuses/37609,realDonaldTrump,20260406,072100,"I have known and respected Steve Hilton, who is running for Governor of California, for many years. He is a truly fine man, one who has watched as this once great State has gone to Hell. Gavin Newscum and the Democrats have done an absolutely horrendous job. People are fleeing, crime is increasing, and Taxes are the highest of any State in the Country, maybe the World. Steve can turn it around, before it is too late, and, as President, I will help him to do so! With Federal help, and a Great Governor, like Steve Hilton, California can be better than ever before! Steve Hilton has my COMPLETE & TOTAL ENDORSEMENT. He will be a GREAT Governor and, importantly, WILL NEVER LET YOU DOWN!!! President DONALD J. TRUMP",0
https://trumpstruth.org/statuses/37608,realDonaldTrump,20260406,065700,"It’s too bad that the Supreme Court can’t watch and study the Mark Levin Show tonight on the Birthright Citizenship Scam. If they saw it they would never allow that money making HOAX to continue. THEY SHOULD USE THEIR POWERS OF COMMON SENSE FOR THE GOOD OF OUR COUNTRY. They failed miserably on Tariffs, needlessly costing the USA Hundreds of Billions of Dollars in potential rebates for the benefit haters and scammers. Why??? Don’t do it again! The Country can only withstand so many bad decisions from a Court that just doesn’t seem to care.",0
https://trumpstruth.org/statuses/37606,realDonaldTrump,20260406,062900,RT: https://truthsocial.com/users/realDonaldTrump/statuses/116355875761591220,0
https://trumpstruth.org/statuses/37606,realDonaldTrump,20260406,062900,,0
https://trumpstruth.org/statuses/37604,realDonaldTrump,20260406,060400,RT @grenell. @realdonaldtrump is fixing the problem of Iran - a problem other Presidents ignored  https://youtu.be/1yyWqBWH4Zs,0
https://trumpstruth.org/statuses/37593,realDonaldTrump,20260406,043500,,0
https://trumpstruth.org/statuses/37594,realDonaldTrump,20260405,234900,RT: https://truthsocial.com/users/realDonaldTrump/statuses/116354301489896311,0
https://trumpstruth.org/statuses/37594,realDonaldTrump,20260405,234900,,0
https://trumpstruth.org/statuses/37596,realDonaldTrump,20260405,234700,RT: https://truthsocial.com/users/realDonaldTrump/statuses/116354292359726499,0
https://trumpstruth.org/statuses/37596,realDonaldTrump,20260405,234600,,0
https://trumpstruth.org/statuses/37598,realDonaldTrump,20260405,233600,"RT: https://truthsocial.com/users/DanScavino/statuses/116310480057282933Such a shining light. Rest in peace, Sheridan, you will be greatly missed!!!  President DONALD J. TRUMP",0
https://trumpstruth.org/statuses/37600,realDonaldTrump,20260405,231100,Vanessa is AMAZING!,0
https://trumpstruth.org/statuses/37601,realDonaldTrump,20260405,183800,"Tuesday, 8:00 P.M. Eastern Time!",0
https://trumpstruth.org/statuses/37602,realDonaldTrump,20260405,140300,"Tuesday will be Power Plant Day, and Bridge Day, all wrapped up in one, in Iran. There will be nothing like it!!! Open the Fuckin’ Strait, you crazy bastards, or you’ll be living in Hell - JUST WATCH! Praise be to Allah. President DONALD J. TRUMP",0
https://trumpstruth.org/statuses/37603,realDonaldTrump,20260405,135200,"We have rescued the seriously wounded, and really brave, F-15 Crew Member/Officer, from deep inside the mountains of Iran. The Iranian Military was looking hard, in big numbers, and getting close. He is a highly respected Colonel. This type of raid is seldom attempted because of the danger to “man and equipment.” It just doesn’t happen! The second raid came after the first one, where we rescued the pilot in broad daylight, also unusual, spending seven hours over Iran. An AMAZING show of bravery and talent by all! I will be having a News Conference, with the Military, at the Oval Office, on Monday, at 1:00 P.M. God Bless our great MILITARY WARRIORS! President DONALD J. TRUMP",0
https://trumpstruth.org/statuses/37592,realDonaldTrump,20260405,060800,"FROM PRESIDENT DONALD J. TRUMPWE GOT HIM! My fellow Americans, over the past several hours, the United States Military pulled off one of the most daring Search and Rescue Operations in U.S. History, for one of our incredible Crew Member Officers, who also happens to be a highly respected Colonel, and who I am thrilled to let you know is now SAFE and SOUND! This brave Warrior was behind enemy lines in the treacherous mountains of Iran, being hunted down by our enemies, who were getting closer and closer by the hour, but was never truly alone because his Commander in Chief, Secretary of War, Chairman of the Joint Chiefs of Staff, and fellow Warfighters were monitoring his location 24 hours a day, and diligently planning for his rescue. At my direction, the U.S. Military sent dozens of aircraft, armed with the most lethal weapons in the World, to retrieve him. He sustained injuries, but he will be just fine. This miraculous Search and Rescue Operation comes in addition to a successful rescue of another brave Pilot, yesterday, which we did not confirm, because we did not want to jeopardize our second rescue operation. This is the first time in military memory that two U.S. Pilots have been rescued, separately, deep in Enemy Territory. WE WILL NEVER LEAVE AN AMERICAN WARFIGHTER BEHIND! The fact that we were able to pull off both of these operations, without a SINGLE American killed, or even wounded, just proves once again, that we have achieved overwhelming Air Dominance and Superiority over the Iranian skies. This is a moment that ALL Americans, Republican, Democrat, and everyone else, should be proud of and united around. We truly have the best, most professional, and lethal Military in the History of the World. GOD BLESS AMERICA, GOD BLESS OUR TROOPS, AND HAPPY EASTER TO ALL!",0
https://trumpstruth.org/statuses/37591,realDonaldTrump,20260404,223700,"Many of Iran’s Military Leaders, who have led them poorly and unwisely, are terminated, along with much else, with this massive strike in Tehran! President DONALD J. TRUMP",0
https://trumpstruth.org/statuses/37590,realDonaldTrump,20260404,222600,,0
https://trumpstruth.org/statuses/37587,realDonaldTrump,20260404,215600,,0
https://trumpstruth.org/statuses/37588,realDonaldTrump,20260404,215600,,0
https://trumpstruth.org/statuses/37589,realDonaldTrump,20260404,215600,,0
https://trumpstruth.org/statuses/37586,realDonaldTrump,20260404,210000,"“If you import The Third World, you become The Third World!” — AND THAT’S NOT GOING TO HAPPEN TO THE UNITED STATES OF AMERICA AS LONG AS I AM PRESIDENT. President DONALD J. TRUMP",0
https://trumpstruth.org/statuses/37585,realDonaldTrump,20260404,160500,Remember when I gave Iran ten days to MAKE A DEAL or OPEN UP THE HORMUZ STRAIT. Time is running out - 48 hours before all Hell will reign down on them. Glory be to GOD! President DONALD J. TRUMP,0
https://trumpstruth.org/statuses/37584,realDonaldTrump,20260404,153200,"Not only were the jobs numbers GREAT yesterday, 178,000 new jobs, but the TRADE DEFICIT was down 55%, the biggest drop in history. THANK YOU MR. TARIFF! All of this and, simultaneously, getting rid of a Nuclear Iran. MAGA!!!",0
https://trumpstruth.org/statuses/37583,realDonaldTrump,20260404,152400,"The Failing New York Times, whose lack of credibility, and their constant Fake News attacks on your favorite President, ME, has caused its circulation to absolutely PLUMMET, referred to our severely weakened and extremely unreliable “partner,”NATO, as the North American Treaty Organization. The correct name is the North Atlantic Treaty Organization - A very interesting mistake! The hiring and educational standards have gone way down at the NYT. Bring back, “ALL THE NEWS THAT’S FIT TO PRINT” and, Make America Great Again! President DJT",0
https://trumpstruth.org/statuses/37582,realDonaldTrump,20260404,151200,RT @realDonaldTrumpBelievers and people of faith find safe harbor in Trump's White House this Easter: https://justthenews.com/government/white-house/he-risen-faith-finds-safe-harbor-trump-white-house,0
https://trumpstruth.org/statuses/37582,realDonaldTrump,20260404,052100,Believers and people of faith find safe harbor in Trump's White House this Easter: https://justthenews.com/government/white-house/he-risen-faith-finds-safe-harbor-trump-white-house,0
https://trumpstruth.org/statuses/37580,realDonaldTrump,20260404,050300,"178,000 new jobs in March. Unemployment DOWN. Great numbers by all accounts, even the Fake News. MAGA!",0
https://trumpstruth.org/statuses/37579,realDonaldTrump,20260404,045800,"Third rate news “anchor” Jonathan Karl of ABC Fake News, the worst and most corrupt Network in the business, wrote another made up book about me where his stories and “reporting” bare no relationship to the truth. ABC was already forced to pay me $16,000,000 because of their false and misleading reporting. That was a Liddle’ George Slopadopolus error, but Karl is worse. A waste of time - Fictitious quotes. Don’t buy the book! President DJT",0
https://trumpstruth.org/statuses/37578,realDonaldTrump,20260404,011000,,0
https://trumpstruth.org/statuses/37577,realDonaldTrump,20260403,235300,"A very happy and blessed Good Friday to all, especially to the 186,000 Americans who gained Private Sector jobs in the month of March alone! My Economic Policies have created an enormously powerful engine of Economic Growth, and nothing can slow it down. Factory Construction Jobs are soaring as a result of the rapid Onshoring and surging Investment that TARIFFS have generated, all while the Trade Deficit has shrunk by 52% in a year! President DONALD J. TRUMP",0
https://trumpstruth.org/statuses/37576,realDonaldTrump,20260403,212000,"KEEP THE OIL, ANYONE?",0
https://trumpstruth.org/statuses/37575,realDonaldTrump,20260403,142200,"With a little more time, we can easily OPEN THE HORMUZ STRAIT, TAKE THE OIL, & MAKE A FORTUNE. IT WOULD BE A “GUSHER” FOR THE WORLD??? President DONALD J. TRUMP",0
https://trumpstruth.org/statuses/37574,realDonaldTrump,20260403,140500,"Vice President JD Vance is now in charge of “FRAUD” in the United States. It is massive and pervasive, and the job he will be doing, in conjunction with many great people within the Trump Administration, will be a major factor in how great the future of our Country will be. We will call him the “FRAUD CZAR,” and his focus will be “EVERYWHERE,” but primarily in those Blue States where CROOKED DEMOCRAT POLITICIANS, like those in California, Illinois, Minnesota (Somalia beware!), Maine, New York, and many others, have had a “free for all” in the unprecedented theft of Taxpayer Money. The numbers are so large that, if successful, we would literally be able to balance our American Budget. Raids have already started in L.A. Good Luck JD!",0
