Date,Username,Content,Replies,Reposts,Likes,Bookmarks,Views,Time
2026-01-31,elonmusk,This is why,1668,3827,14970,639,1536223,18:29:00
2026-01-31,elonmusk,It has indeed somehow become even worse,1643,3482,22427,1044,2461549,18:14:00
2026-01-31,elonmusk,Delaware Supreme is saving the state,919,1665,12166,222,1778121,18:08:00
2026-01-31,elonmusk,,1551,1705,16253,401,2467315,18:06:00
2026-01-31,elonmusk,"China electricity generation is still growing super fast, with solar being the largest incremental contributor, and will exceed America by a factor of 3X either this year or next",2942,3322,19697,1454,4432516,18:03:00
2026-01-31,elonmusk,Space is huge,1793,828,7194,214,5471410,17:57:00
2026-01-31,elonmusk,Still remains true,2321,5834,41074,788,3181230,17:56:00
2026-01-31,elonmusk,Yes,2096,3233,18638,341,2518064,17:54:00
2026-01-31,elonmusk,Yes,1465,1304,7363,277,2768700,15:07:00
2026-01-31,elonmusk,"Congratulations to the 
@FLOTUS
!",2763,6732,59693,811,23163602,15:07:00
2026-01-31,elonmusk,"There will be thousands of court cases of children who were mutilated by evil doctors, modern day Mengeles. 

The schools, psychologists/psychiatrists and state officials who facilitated this will pay dearly too.",5125,18920,87658,2410,3547024,15:04:00
2026-01-31,elonmusk,"Oops, did I say 1 million? 

I meant to say 1 billion.",4990,4728,80347,1441,9067276,14:54:00
2026-01-31,elonmusk,Absolutely,2036,2971,16329,384,1704010,14:51:00
2026-01-31,elonmusk,"That is the key question. Epstein and Maxwell were sent to prison for running an underage child sex ring. 

Prosecute their clients!!! Until we see at least one client arrest, this partial release of Epstein files means nothing.",5975,15484,80745,2517,7950236,14:50:00
2026-01-31,elonmusk,"Solar is not A source of energy, it is THE source of energy",4468,4181,33407,1692,4852463,14:48:00
2026-01-31,elonmusk,Grokipedia is the future,2087,2845,16026,515,1466019,14:47:00
2026-01-31,elonmusk,"What matters is not release of some subset of the Epstein files, but rather the prosecution of those who committed heinous crimes with Epstein.

When there is at least one arrest, some justice will have been done. If not, this is all performative. Nothing but a distraction.",12790,20363,118232,5041,16570948,14:38:00
2026-01-31,elonmusk,100GW/year of solar-powered AI satellites requires 100GW/year of AI computers …,3700,5697,35400,1877,6767076,06:36:00
2026-01-31,elonmusk,The balance of power is changing,5227,10502,84705,6241,36832341,06:29:00
2026-01-31,elonmusk,The satellites will actually be so far apart that it will be hard to see from one to another. Space is so vast as to be beyond comprehension.,7051,9026,64789,3940,14154590,05:49:00
2026-01-31,elonmusk,That’s my favorite part,2048,2707,21332,1323,9683789,05:29:00
2026-01-31,elonmusk,It really is that good,2237,3057,24558,720,5661854,05:16:00
2026-01-31,elonmusk,Exactly,3530,3344,25116,1646,15144746,02:10:00
